{"EQoNvaPm3wZB8FU//gZhjg==":"untitled%20design-80x113.png","ogpOxJhnrl2ll6rec63VZw==":"untitled%20design-80x113.png","L3Xi1Q/F4RBSgy8Ljm/wpA==":"img-1583-828x1472.jpg","6hx+Tw5evNAc0n0TJK0XbA==":"img-1583-828x1472.jpeg","z5ZEXKoLLhdvKQJ18MgiHg==":"img_1583_paint-2000x1022.jpg","edhfOmp3NQaqL43dLEQnAg==":"bubblegum-696x928.jpg","Jbc8N5p/HSDr8BjI0ktymQ==":"bubblegum-696x928.jpeg","HqUTx6rmlaKmBtWOUqkDsg==":"blueberry%20milk-696x928.jpeg","rKlsHQK2Wx2V5gj5OG4oyg==":"blueberry%20milk-696x928.jpeg","Q1qiAOedTx272E2hxQqLPw==":"blueberry%20milk-696x928.jpeg","E4Xn3VP02znGVicwIJb4LQ==":"blueberry%20milk-696x928.jpeg","E2zqIQ49v0Eh/uWGPPjWrQ==":"blueberry%20milk-696x928.jpg","Cklj8PUce5Ej1S1PPI4E6A==":"blueberry%20milk-696x928.jpeg","2Ci6SyeuJIOWwYHPApLJhg==":"blueberry%20milk-696x928.jpeg","B48OJ0rGUJWs5npbSvRmDQ==":"bubblegum-1-696x928.jpeg","6zSMTyDHYC7AfquaT8SQYQ==":"bubblegum-2-696x928.jpeg","OFOufPAe1kHQlycQ8rYw7Q==":"chocolate-696x928.jpg","rSM/oij0P+I8HSSz1Jm6kA==":"blueberry%20milk-696x928.jpeg","6PlrleOG+fy5nI+9ak/gsw==":"mango%20yakult-696x928.jpg","Vy5U4r8dspqYDfQviwTmWw==":"redvelvet-696x928.jpg","dhC5huXEtbrCiBNdlO8Esg==":"strawberry%20milk-696x928.jpg","sHb9XF5n+uz+TtYjfmLYlA==":"hazelnut-696x928.jpg","nFm3FerAiXV8CuUOcv71ug==":"lemon%20tea-696x928.jpg","XLocGUspTVDDkDDRT+EZiA==":"lemon%20tea-696x928.jpeg","ZZCEcEuChCOQmBd1BcuZDQ==":"lychee%20tea-696x928.jpg","a/wgwYVUMv07FXu2KYYxNg==":"lychee%20tea-696x928.jpeg","oRykAiO0rUD++7AmPeEwUg==":"background1.jpg","d83fdrRqeji8wWMGyR54uA==":"whatsapp%20image%202024-05-07%20at%2011.00.13-2000x1048.jpg","Lff4toz8y4X+TxxZYwN0Uw==":"img-1621-828x1472.jpeg","8BYNUtLU45alGUWOgVYR5A==":"img-1622-828x1472.jpeg","iXKSlAY0maxXOFyHz1VSsw==":"img-1636-828x1472.jpg","Xqp6iBXId3Z/lkOT1Rd8cg==":"img-1647-828x1472.jpg","N/3RBLugIhjncI2hE0uTbQ==":"img-1627-828x1472.jpg","uvWVp6cfoeDFHJGsoaSxTA==":"img-1627-828x1472.jpeg","U+a50VjV4rtkkzqMUGLw7g==":"2%20cappucino-2000x2667.jpg","bwboxbHPbiayGBkzk2pIag==":"2%20cappucino-1900x2533.jpg","zEwrhyH7SmPUfX11l0VYeA==":"img-1648-828x1472.jpg","+aIE6sVS07Aw9Y9aHA+ePg==":"img-1646-828x1472.jpg","Iq/uAefLIGCceHlyPmpq7w==":"img-1644-828x1472.jpg","EVuemQijbcLRB8HY+Txczg==":"img-1643-828x1472.jpg","GLamEUENaYgGuzrI6MZvOg==":"img-1642-828x1472.jpg","vHh/u0Yn9t++4IY2eEzEUg==":"img-1641-828x1472.jpg","Gco3Z9gjsBQ9WJVywuIK9A==":"img-1640-828x1472.jpg","7wv56JnmS0L0nwt7m3sF8g==":"img-1639-828x1472.jpg","ZXD7Vw0KUqMab/n9QLLeBg==":"img-1638-828x1472.jpg","IKgf2yUMjhM9v1pqzJmowg==":"img-1637-828x1472.jpg","3sTzR/6gFf8F8xYAi5BE4g==":"img-1645-828x1472.jpg","ec50pcuv8sFa0ucQ3uzUHw==":"img-1635-828x1472.jpg","jFKNGGDtwqCJmSPkSquGQA==":"img-1634-828x1472.jpg","a/UdNOzmxBkqpWqCGcLWng==":"img-1633-828x1472.jpg","dCXSTvexg7eEgjk64OkTSg==":"img-1632-828x1472.jpg","O16oc/mw1GBotCO+TsCaFg==":"img-1631-828x1472.jpg","GGkpE7361W06CiB+Yk5HkQ==":"img-1630-828x1472.jpg","flslcVH/QSwxftsJkeUIeQ==":"img-1629-828x1472.jpg","g26CL6XXxuZ+MHRb6y9UMA==":"img-1628-828x1472.jpg","YHSpU/FH8jtXXZmVd0YhtQ==":"img-1625-720x1280.jpg","uGdISyChnJzb46yTqSi5xg==":"img-1620-720x1280.jpg","OHqKPQ+OZiX8kldHo2rBXg==":"img-1619-720x1280.jpg","AjdDLkkaPY2EWLdqXOeFnA==":"img-1617-720x1280.jpg","WqH8lESg9cCSlp+0bXxYWQ==":"img-1616-720x1280.jpg","7C/FjEGWf5MU75JY0WwZ0A==":"bamara%20hitam%202-64x64.png","OsYvGMZW6k06/bXeiU/ivA==":"bamara_hitam_2-removebg-preview-96x96.png","UP0WLyOBOvVbVo9COevVZw==":"bamara_hitam_2-removebg-preview-1-96x96.png","uKVK5P6mTBQirU0AfnT2MQ==":"bamara%20hitam%202-107x107.png","NzEslxdcbbz0dWPZrwcpAA==":"bamaralogonew-100x100.png","FTipkh2eOfedS8+X+QVilQ==":"bamaralogonewwwwww-115x115.png","fZTWOTOrh98u0M5n0io0qQ==":"bamaralogonewwwwww-1-115x115.png","Juq46wlNFWNzHYdP3Z0+tA==":"bamaralogonewwwwww-2-115x115.png","3ymbZO91Ye/RP9EO/Wecsw==":"review1-68x68.png","Ixm0BE2TBZAvpzJ5rhDM1g==":"review2-68x68.png","tVVpa+Hw+V3poWQ2Ty7yUg==":"review3-68x68.png","NK3v49L5QqfyCz9q7Evc5Q==":"img-1828-828x1472.jpg","p8juPujX4nZK0B8Cg6l/8g==":"img-1830-696x1237.jpg","wG7caFAPpEZjTX5ReQKZiQ==":"img-1828-646x1148.jpg","BljyNS7ia2NeBtnkP4togg==":"img-1648-646x1148.jpg","GvKHRxHKVbOPUgJAj2tNYw==":"img-1830-646x1148.jpg","Lc3S/vXoa9bbFVmWhXg1/A==":"img-1634-646x1148.jpg","YLlpUogkktprcxM+XvXbFw==":"img-1628-694x1234.jpg","FigJETzoy3thTIjQLdl/iA==":"img-1630-646x1148.jpg","gvqeKRA8hSfKlRZ6jJ1wPg==":"img-1631-646x1148.jpg","bMm3HMV9Cy3W0rqlVtIJIg==":"img-1635-646x1148.jpg","cK97Q6kC9kPT1yAn7oKvZg==":"bg-1920x1442.jpg","fa1QBX+NOu8iJcbs9lsu8g==":"lemon%20tea-696x928.jpeg","DjfIEYiMIUYPPPd1k9EUFw==":"lemon%20tea-696x928.jpeg","uHH4Kq7wqTn2HeseVeuOSg==":"bamara%20website%20homepage%20bagian%20atas-2000x865.png","ymaFuYtOarLbYUumfn3Iuw==":"bamara%20website%20homepage%20bagian%20atas-1836x795.png","1VP9p3wpVRRH18jhl2PN3Q==":"bamara%20website%20homepage%20bagian%20atasnew-2000x865.png","vZ5fRvw8rGW1J62suZp5LQ==":"img-1649-828x1472.jpg","9vuIdkT6rs/QzG0YHE5hUA==":"bamara%20website%20homepage%20bagian%20atas-2000x865.png","taFjEZQcfEgvuGQwiDXbNQ==":"bamara%20website%20homepage%20bagian%20atas-2000x865.png","KC3W58C8Zbp0xos8Vlkw5Q==":"bamara%20website%20homepage%20bagian%20atas-2000x865.png","toPtVLz79CUqcJizyGJqIg==":"mbr-1920x1280.jpg","JofWmSfnQCtsfkBr/hZYAw==":"mbr-1-1920x1280.jpg","OVKhkxNaQTwURDm6Zs4LdQ==":"img-1628-596x1060.jpg","NNWBxwP8OIdqyoLJ7m3QDQ==":"img-1628-596x1060.jpeg","JBpojd+AzZ99Is1BuvoOJA==":"img-1617-596x1060.jpg","U/bGPEW6MsnmI+cXpFT2WA==":"img-1619-596x1060.jpg","pyHzSuEF0Bq6ZswYF7lNeA==":"img-1616-596x1060.jpeg","/4RMcNOW+3V9WVSThDe61Q==":"img-1631-596x1060.jpeg","fe+ApjXF2OQ6BZmRWczCbQ==":"img-1616-476x719.jpg","MlEHFY+mLONgRk0tn8W4Xw==":"img-1634-596x1060.jpeg","27oYDuNP84NJ1SF9konEWQ==":"img-1630-596x1059.jpeg","Orm3of+ZAxdvTzHWK9qivA==":"img-1639-596x1060.jpeg","DzlmqQG6bUDAqnEUx5QaTw==":"img-1638-596x1060.jpeg","G+YQcqCVpAo3k3Xv+NqNVw==":"img-1634-828x1472.jpeg","zrL6J5dyZGF2a+DeZb7YUw==":"img-1626-720x1280.jpg","NoJk4eyyXut1ZO3tYHr/kA==":"img-1626-720x1280.jpeg","0nk0/ykg+cS2WzuyA270LQ==":"img-1627-720x1280.jpeg","X9KpdJ/KW/h9mdpXVtWBhQ==":"img-1634-646x1148.jpeg","xjBSqWitwphd4EgrU7/7UQ==":"img-1647-828x1472.jpg","DWsyVTZkFs9yIp9dv2QHTQ==":"img-1647-828x1472.jpeg","il+ecu1V15T2xUDw4d9F5w==":"img-1642-828x1472.jpeg","bVeCSs71c2Z9m1FtfnZQVw==":"img-1650-828x1472.jpg","eGrun6iDHbXfCYkyGzayAw==":"img-1650-828x1472.jpeg","5yDECL0uCRXHB6QLdqMHmA==":"img-1628-557x719.jpg","SexAXCBoDrUTpegNuq7d1g==":"img-1651-828x1472.jpg","ZQCDQ7DNYXpbcOW4XpAucw==":"img-1652-828x1472.jpg","AONaU4rMZj6Aj2vQeQloww==":"img-1636-828x1472.jpg","I8Mnit1jZM7fyuOcXEJGqw==":"whatsapp%20image%202024-05-19%20at%2023.10.02-828x837.jpg","e+4U79ydD2pSqgcRgcUbyA==":"whatsapp%20image%202024-05-19%20at%2023.10.04%20(1)-828x461.jpg","FjQFhWeqi3zRMc4eY5RxRA==":"whatsapp%20image%202024-05-19%20at%2023.10.04-828x461.jpg","cB90TQAkWtfi3e5Y0ZVlUw==":"img-1653-828x1472.jpg","+zyGaORQGJH0kPfpTA61Cw==":"img-1654-828x1472.jpg","dLPXxwEtSVMOGav/wHnHSw==":"whatsapp%20image%202024-05-19%20at%2023.12.57-828x1008.jpg","hJVLInSxNcmWLfaQVnVtxw==":"mbr-2-1920x1280.jpg","gy9zXdQBA0HuOEknf1USPg==":"mbr-3-1920x1280.jpg","VdvEuxUFES0/2c0odbzpWQ==":"mbr-1920x1440.jpg","K1GJ7N6pf9upogROY2yYiw==":"mbr-4-1920x1280.jpg","sTiDjbluNZpTfCQnhHGBMQ==":"mbr-5-1920x1280.jpg","biWQtKh4vCEfkN9J8PoxkA==":"mbr-816x1224.jpeg","AmipTBnbzw8g0X1GlCD4JQ==":"mbr-816x546.jpeg","04drKpsXKqMEhlyg40L35g==":"whatsapp%20image%202024-03-20%20at%2023.18.36-720x1061.jpeg","dgTW2sM4dCqqB2wRb8oBYw==":"img-1642-662x496.jpg","hxxd1d92ed3utG+tTJKzTw==":"desain%20tanpa%20judul-1916x958.png","dvziv3tVDt9bwnM0ekpOUA==":"desain%20tanpa%20judul%20(1)-2136x1068.png","IWM1W6rVgRVeWS7iGtAE5g==":"desain%20tanpa%20judul%20(3)-2136x1068.png","R1TiHUKK0i9TmBzJmzzANg==":"vecteezy_abstract-gradient-background-with-orange-and-red-colors-7442142-1920x1080.jpg","6JjmvNf3SY/dJ7DeP8HOzQ==":"2-2000x1000.png","yfyERoZvMaUlZjdRXIP2hA==":"1-2136x1068.png","z+6E1UzAnz1EggjLWxM5eg==":"1-1-2136x1068.png","uusm+Eueb0RaANIj7k9pQA==":"whatsapp%20image%202024-03-20%20at%2023.18.36-720x1061.jpeg","k4PEYE2Wx/jUPX4Dx/vguQ==":"2-1-2000x1000.png","9XwnFK3yhqwUp6c4DtDgag==":"bamaralogonew-206x206.png","BvRhAqGjyLqUUZOLN7P6eg==":"photo-1497935586351-b67a49e012bf.jpeg","XqStexa3ucYeWEdbgE9USg==":"background1-1.jpg","Hey3n+Wo0reop55EY2VUiw==":"background17.jpg","Rh++kYHGZUdtHQyhgqY7Pg==":"img-1655-828x1472.jpg","VhdZcMdAktBgm4MVWfvmWw==":"matcha-815x1087.jpg","7lOWR7EjTVL23dMliiWaGA==":"oreo-815x1087.jpg","XseApGPoKfs/ojtIFPqw/Q==":"air%20mineral-815x1087.jpg","tj3neaQTu4K/sdZifkTZag==":"v60-815x1087.jpg","PPX1Gc1xOdDOnu+490brkA==":"ice%20coffee%20original,%20vanilla,%20creamy-815x1087.jpg","RRdYLy1TtOAbtxkuRR7IiQ==":"ice%20coffee%20original,%20vanilla,%20creamy-815x1087.jpeg","A9PjIgwiB+xHBg8HCpNqXg==":"tubruk%20susu-815x1087.jpg","3Vs/hFuE9pQ2BKQlC8WLKA==":"ice%20coffee%20original,%20vanilla,%20creamy-815x1087.jpeg","6/nCi5TzQd6yCfcRzoAonA==":"cappucino-720x1280.jpg","ykQSPE5OflnfkFK/ZNT9Mw==":"vietnamdrip-815x1087.jpg","fWsSKiOdeuEkF0EcWM21bA==":"vietnamdrip-815x1087.jpeg","HFVcHUZEXv5eqRIrE6D3ug==":"ice%20coffee%20tiramisu,palmsugar-815x1087.jpeg","g3oQZ+hNYdcZqbHQMZjCQA==":"ice%20coffee%20tiramisu,palmsugar-815x1087.jpeg","Cm4QskCNn/i7WNuHVDam1A==":"ice%20coffee%20tiramisu,palmsugar-815x1087.jpeg","LCwBuxuJtL7Pg9u+m/tIUg==":"tubruk-815x1087.jpg","ld76NBQlDwCok//jWiVgMQ==":"tubruk-815x1087.jpeg","OXATR5p2eEmjVSWntnQJ+Q==":"americano-815x1087.jpg","+6GENccwacxRX9GWuk5JmQ==":"french%20fries-815x1449.jpg","pWW+GxyCaxHQPQyCGnP9gA==":"mix%20fries-815x1449.jpg","AnJbOyj4SSlXsdARVRhqGA==":"dimsum-815x1087.jpg","aw1LD1hMGrO1jA5zMxVmsg==":"tiramisu-815x1087.jpg","ab9WpLIfBLA66l9v8v4iPw==":"strawberry%20milk-815x1087.jpeg"}